left,c0,c1,c2
aaa,osr,abz,pna
aaz,mqw,uxl,zxh
abh,cdx,mzt,adn
abn,uzp,svn,crp
abq,bbd,xhz,fth
abw,ais,qug,hpm
ace,lyf,agu,vlb
acf,hve,pve,quy
acq,vrz,flv,zyd
ada,yxn,zyd,zco
ado,jdy,wik,brw
ady,lts,kjy,khk
aey,iml,sxr,mie
afg,htp,mko,zuc
afn,pxl,zbu,oyw
afp,uyr,eye,cvz
agd,mrv,daw,lyf
agm,zcc,hdz,amc
agp,fpd,xso,vxd
agz,mgp,agv,adn
ahd,hhl,vkx,fgk
ahl,nhd,gjv,xvb
ahw,xit,lwe,ezu
aic,ewj,bip,bbl
aif,xjj,ynb,vpx
aih,zmb,ztc,zws
aip,vky,zjq,nhd
aje,qyx,pwv,ycq
ajl,zsh,pps,ngs
akh,itf,oii,ivs
aki,ard,nvw,cbi
ale,fnq,iqo,zzi
alj,nod,ibw,cdq
all,qmv,iiu,aay
amk,hpe,ldg,rab
amr,yyv,bsy,qvg
amv,qpy,znw,ftg
amy,yag,cmn,vuv
and,vyw,prd,oyk
ane,jif,eyo,qvz
ant,zqd,rxb,jig
aon,rhc,odp,rvl
aos,ere,mut,ezu
aov,fov,luh,vuv
apo,tmh,psw,yaw
apz,qaj,lwt,yvs
aqg,yhf,jck,klj
aqm,hzi,hey,vxp
arh,shd,ryz,qdm
arl,oal,wcj,iki
asg,rdu,jbr,vhv
asq,hgc,air,kai
asv,jbl,big,fah
asx,gcl,bvj,wou
atk,qam,gar,iml
atp,tkn,nbi,mie
ats,zts,gdk,kya
atx,tny,ysc,qrg
atz,jjl,wqp,qry
aub,xoe,boy,bvj
auj,qof,whw,jsb
aum,ugo,mja,vyp
avk,nnm,ckj,btm
awe,dge,ymf,pqo
awf,eqi,cch,soi
awg,nls,afo,txe
awl,ojm,zar,kmt
axd,lve,jfl,cfg
axg,xmj,hgz,fdj
axh,vub,iwg,tlz
axq,wox,suv,wic
axu,wej,shl,dzj
aye,dzq,bbz,ijr
ayf,pjg,dyc,uwf
ayh,jsb,syj,evl
azh,hbd,wck,keo
azm,vjf,ddj,bbd
azn,jqs,cld,xut
azp,nah,sdm,soe
azt,goe,pby,hzr
bad,qrt,tgn,dzk
bbo,svn,urs,zar
bbx,zpq,nvh,cgq
bcz,pve,eup,lns
bdb,ecr,uxj,ufq
bdc,nwn,usj,ziq
bdf,szx,keb,hgu
bdi,sci,vxp,ubz
bdj,tfq,gxs,aun
bdq,mam,vfp,brl
bdr,vyh,xnk,hav
bds,ftz,pyn,rkm
bea,zdw,rcj,adu
bej,pzx,ohq,znw
bek,sos,cca,ski
ben,mhx,wcj,shd
beo,wuy,hgc,ewv
bfi,pbj,tnk,dwx
bfp,piw,urg,jlo
bfu,ejk,tch,cgg
bfz,tdp,hum,gkj
bgo,fhp,fad,hpo
bgq,fjp,hhf,mxr
bgr,zqe,fbp,sqi
bgt,soi,wuy,biv
bgz,wqp,uxl,oaa
bhu,cvj,ngd,ucq
bih,waa,ttg,oyw
bin,dpt,osw,jhu
bjh,uig,ddj,cjk
bjj,rer,xnq,bap
bka,hkp,xgd,xoe
bkj,eqp,bol,aqy
bkl,gwl,sbi,xsl
blk,ajn,ajg,xdr
blo,ozp,haw,bii
bls,rsl,fnl,lvf
bmb,pbz,gfk,vpy
bmg,llb,duy,vlw
bml,aev,omc,ptp
bmq,cyo,yaw,swx
bnl,txe,hwx,nui
bnv,qmo,msm,kxv
bod,eqe,rvl,nne
boi,dvv,nze,nxy
bok,jvn,onu,wpf
bov,lvb,gan,dxa
bpk,zoh,jmx,mly
bpm,kaa,usj,fuy
bpp,epo,ttv,ajn
bpu,ksl,qde,edp
bqa,ekh,opv,zyz
bqv,ofq,xlb,ted
bqw,dor,bto,ifd
brc,uds,kyh,avc
brs,ggh,lbt,tph
bsc,ysc,qtp,rxt
bsj,uxl,hpq,rjc
bte,fvi,ldy,qpr
btp,pjb,rcl,nrs
btv,klj,kej,wzi
btx,jxz,uon,jjf
btz,syk,pps,aod
buf,toj,wwg,vyh
bui,lwd,urj,dvu
bva,bnq,zhk,agc
bvt,rxb,qqy,olw
bwg,htj,fim,pae
bwh,uzi,egz,vzy
bww,akj,dvn,mqw
bye,xas,olq,kaa
byo,ftv,ovf,qjt
byy,vll,llz,ifg
bzk,oij,cbi,pjc
bzw,agu,uau,dyh
caa,wih,xlb,src
caf,yqb,hac,mkx
caq,mwv,lxv,xwa
cav,sdb,gar,zne
caw,zee,ymk,hak
cbd,jck,tlz,eyt
cbk,lqv,chu,adu
cbp,hqx,gnr,ste
cbz,arf,gkl,wou
ccl,pcj,gfk,mhx
ccr,sqe,tsb,npi
cdf,xgi,jgn,hoo
cdk,duh,lch,ibh
cdl,ryd,mhi,bcu
cey,cyg,ggj,ini
cez,rus,qby,kgp
cfm,lns,ufq,hbt
cfy,eye,but,mlp
cfz,moi,apf,dlo
cgk,gjk,iuh,stb
che,ckw,nll,air
chi,ese,zzf,oqp
chn,mwc,goe,pkx
cht,pkx,nyi,atw
cie,mjs,rvg,sgs
cij,vbr,qys,afo
cim,uzy,erq,lnn
cis,ivs,ycg,qql
cit,ufq,mlt,qry
cjc,dqb,uha,anr
cjz,xwa,wbe,mko
ckn,wdr,npg,mlp
clf,lim,fkf,odi
clh,dtg,sqy,tfh
clj,mwy,vvf,jac
clk,uud,nqn,jsh
clo,ejj,eqv,wja
clp,aer,bse,tcw
clt,fvc,pdh,dip
cmd,ptl,efv,lzg
cmw,rcr,kaa,guw
cmy,cic,ppq,ltv
cnb,tcw,vhg,sbt
cnj,lej,vdd,mqw
coa,nxy,ylh,kyd
cod,gry,jvf,pfr
coo,frl,joi,seu
cpa,hng,zzf,gwi
cpb,pju,gxm,ano
cpf,bgy,vhv,rfo
cpo,fey,ncb,cch
cpw,xhc,qsu,dsu
cqe,bkz,dge,dnm
cqo,omc,fim,ixu
cqp,tyd,ogx,evl
cqx,xof,box,ytm
cqz,pfh,ojp,leh
crc,biv,rdp,wsm
crr,xmr,ctm,irn
crs,neh,dgn,dyp
cry,jfl,gkl,cpc
csi,gzf,din,szx
csr,gkl,sai,ldg
csx,tqy,cww,aay
ctc,qqr,bcs,sqs
ctj,cca,okt,zis
ctr,pyn,iuh,cmn
ctw,tse,dql,pya
cud,mpz,vhg,gjg
cug,ubp,wed,inw
cup,gto,pyh,kpp
cus,mlb,pwt,bwq
cvh,huz,hyh,ofi
cvo,dea,eee,aay
cwk,aea,vwk,ttb
cwm,wfx,sve,hit
cxt,dnm,urw,idm
cxz,swl,ctp,cmt
cye,rzu,vlp,dwx
cyi,xja,mly,vht
czb,dlp,gmf,xsm
czi,uhg,duy,mrv
czm,ymh,svr,hva
czp,mfx,jkt,gtz
czr,aan,fim,cld
czt,cvs,amc,enx
czz,zfs,url,fnq
daq,uon,hwi,cmn
dbc,hbt,mqw,air
dbh,qpr,vmd,izs
dbw,jft,cgg,tda
dcb,pvu,hho,aof
dcf,bnt,xag,frn
dco,kgm,hkp,jce
dcp,zww,avz,tgs
ddh,mko,gvf,ajg
ddz,nyk,dzq,srh
dep,oqv,ojg,qmv
dfa,xut,ipc,ouh
dff,lpt,duy,yyv
dfi,xvz,cnz,udp
dfo,vik,yeo,nja
dgp,mgk,phh,pzj
dgq,nnc,vxx,joi
dha,rsv,bmu,mnj
dho,btm,adu,jky
dhr,bto,urw,hot
dic,lma,lej,bqh
dil,ano,qfd,mqw
diq,yug,kkt,bsx
dis,vpt,izs,ith
dix,ize,lzc,vvf
djm,cpc,gnf,oyw
djs,pkh,hho,vyh
djx,ysi,lma,kbr
dml,mxd,esg,zyf
dmm,flv,bxl,zfc
dmu,gkj,pyz,dek
dnc,dzj,whr,emr
dni,bru,itf,pma
dnv,qrg,ntz,xmo
doa,zyf,vrz,pok
dod,tnl,iqg,rca
dok,gsi,ymk,iab
doo,ftg,dgg,ibj
dpj,tmg,daw,bfq
dpo,kjl,rdu,jfl
dqc,jhu,uyu,mxd
dqh,evl,pop,ppj
dqt,nhn,irc,uha
dqx,upx,bee,mhi
drx,wck,hkx,wvn
dsg,dek,xit,pea
dsx,qnn,hpp,vfp
dta,qyh,ytu,pqd
dtb,ovy,eqv,gya
dtc,hef,lhf,sci
dtm,jtc,qwk,vux
dtw,iyu,kvn,mif
dty,zkf,fhu,dsa
dtz,zyw,qdi,tob
duc,rhv,qjb,mtz
dum,djf,gvu,vpo
dvw,uux,gjv,psa
dvx,dch,bhb,ugi
dwa,tis,bxl,uku
dwp,ort,qak,ljz
dwr,bfv,csj,uau
dwt,yrh,rtx,bff
dxt,esg,psw,kgd
dxu,mvw,fes,xnq
dye,nva,kio,jsb
dyl,fxu,tmg,tgs
dyo,xnj,yyn,ela
dyq,czu,xnk,saq
dzb,yfm,fuy,stv
dzf,ykj,hdz,pwb
dzl,ryz,xph,uqe
dzm,muz,ile,hum
dzo,sbv,dez,egp
dzt,kfn,ioy,zgs
eae,frn,vpo,ign
eah,iwr,vql,yce
eav,aeq,psx,eql
ebd,llz,ugo,gjo
ebl,vrj,lol,cmf
ebp,hoo,pjp,tis
ebr,onz,lwt,aoi
ecd,zra,vxx,mrv
ecn,jee,vay,rhk
ecp,qpd,qaj,btm
eea,gxx,ljz,lbd
eeb,pjc,ano,zvk
eeg,enx,fev,waa
eek,hho,icv,duh
eel,qtp,xws,jnb
eep,cyw,hot,qak
ees,efl,uit,svn
eey,jsp,yhf,rgf
efh,lqk,dwb,axz
efi,hgz,gfy,qof
efp,ncb,ppj,wpd
eft,bzq,dyc,pgb
egc,ntn,fyp,ypm
egd,mbu,xhz,led
egm,xzz,ryb,lns
egn,udd,tgv,big
egq,ydx,tkq,pqo
ehm,dwb,zco,zjq
ehn,znx,sve,xzz
ehq,gfk,lyb,mfx
ehs,pwx,hdf,hqx
ehu,xyp,uxj,jrv
ehx,dim,fev,fap
eid,vdd,wev,adn
eij,pcb,qrg,dzc
ejf,zxc,qpc,ldy
ejg,iuh,upi,wdv
eji,jbv,dcs,qwt
ejp,fad,cnf,mai
ejr,vas,ofg,fye
ejv,aoi,ore,cqg
eks,dsi,vnw,drd
elf,mif,ecx,pjb
elq,ocp,dvn,bsy
elv,qak,lej,qnw
elz,olq,ntz,mbb
emc,wce,keo,xdd
emk,hpb,gyg,xut
emu,zzz,bru,boy
emv,udp,zww,btj
end,alg,ngd,ibw
ene,glf,joi,aoe
eng,but,ggd,cyg
enk,hpn,hot,fcj
ens,mmy,sii,zyd
enu,ypm,kxj,mon
eoh,ifd,gjm,jsc
eoj,eix,rzv,hoq
eoq,ujr,swl,iki
epg,zqa,ypm,gjo
ept,ojp,itf,mie
epv,lyb,mkh,red
eqc,zqs,gxx,sur
eri,khp,hvp,gne
erj,ezu,apf,mkh
erm,tcn,abg,xsl
erv,tgd,gyg,tap
est,fhu,xyc,urg
etz,jsh,lwe,xgd
eub,zdx,mqn,tcn
euc,adh,xmr,pyh
eun,xir,ggh,fkf
evc,mut,vsq,qzk
evd,hsx,rjy,qlm
evp,nhy,wyc,uxj
ewh,bgd,uvl,unp
ewk,mbo,jwx,uib
ewn,vux,hqn,tip
exo,vst,xnk,vvf
ezd,kxv,nmq,hhl
ezl,rzf,iwg,zsm
ezm,pix,wmz,fhu
ezq,egz,ytm,gxp
ezr,dxa,llz,ryb
ezt,bud,dsa,adv
ezx,sdx,mut,baq
fag,ioe,ydx,ftv
fai,epe,bsx,jrr
fao,ouh,tfq,lol
fau,zkk,ski,zlf
faw,lpz,ndb,rfh
fbg,chj,qvg,zxk
fbn,uyu,tkq,bjy
fcn,bnz,pad,wdr
fdu,uvn,pnn,jub
fem,txq,jeb,vtv
ffa,mex,vns,tbm
ffb,uha,aun,lol
ffg,hyg,wus,ucp
ffq,rtw,pdh,tex
fgn,ojg,rsv,nze
fgz,zew,qrt,ujp
fhn,xek,egz,sim
fiq,lnn,kya,uus
fis,maq,haw,lwt
fit,jph,kxj,cqq
fka,zwm,emj,ocn
fkj,uqe,mye,vor
flf,hnb,ozi,hvm
fls,gxc,ofi,hnq
fmc,pma,wdv,yya
fmi,vdz,gxm,hpn
fml,gds,onu,jsc
fmt,jkm,wlk,zxo
fng,msx,igr,ziw
fnk,lwe,arf,drd
fny,ojd,mfx,hit
fnz,kca,wsm,hyy
foa,yke,zbt,fye
foe,emj,syk,mbb
foo,tww,uud,qsu
foq,irn,ofd,fvt
fou,qug,vql,ibh
fpk,qvl,sds,wpf
fqz,hoq,uep,zuo
frb,xyz,mhi,jqa
frd,zsm,xhe,vxd
frp,ith,zzb,yzg
frt,tgn,mlt,xek
fry,xph,rxl,tdp
fse,jce,omc,hbc
fsf,wff,cxf,pvd
fsg,dyi,daj,gyc
fsi,aad,wiv,gyc
fsm,vdi,vht,uuh
fsn,gnr,qyx,kgm
fsp,ggj,vas,mtz
fsy,qev,wgn,igu
ftr,jra,uqv,knd
ftu,nxi,afx,bxl
ful,qvw,ygv,xbh
fum,cbi,izs,hgb
fus,gjo,mmw,xxu
fux,yuz,ulm,cok
fvs,keb,gwl,edp
fwy,ggz,ord,axv
fyd,unp,obl,wck
fyk,alv,hzn,vhg
fyv,nqp,pvu,klq
fzq,ubz,eyt,aoe
fzs,wjp,jig,ewj
fzt,ack,oqv,glf
fzu,tyo,zvf,gjv
fzw,wkm,gvu,hzy
gaj,bzt,qjq,rfh
gam,vgn,ena,ols
gax,vei,dek,efz
gbd,npi,ldy,crp
gbf,fqt,jel,acr
gbj,nlv,hju,hbj
gbl,bii,qsj,ljz
gbv,see,zal,ojk
gcb,boy,rmw,fnl
gci,yvh,uzi,gnr
gdh,myu,gfw,lva
gdj,jqa,jic,tny
gdn,txs,drd,eix
gdo,vor,vuv,eqq
gdp,qpp,tbd,gdk
gdw,xnk,leh,air
gdz,xbh,rpm,hjv
geg,anl,jqs,ong
gek,lfg,nzs,avz
gen,ddm,dtf,uku
geu,mxr,nze,sir
gex,ryb,ihr,fth
gfd,wkp,gxm,nnh
gfe,cqk,fdj,oyf
gff,wso,eyf,otk
gfm,wsm,dpt,ixa
ggo,jge,tvi,ere
ggq,vdf,rfs,fth
ggs,aet,oir,mjs
ghm,tpn,oal,alm
ghn,fyp,kio,yfk
ghp,seb,ahi,rhx
gjr,nkd,yqs,dnj
gjs,rlf,dek,mfh
gki,pnx,uxl,bzt
gkk,oyk,gcs,zqs
gkm,igd,cyw,rfx
gkp,wvn,pyn,dzq
gks,bfq,drd,tfq
gll,ibi,rhj,gjn
gln,mhz,hww,yid
gmh,pzj,bat,cni
gmj,acr,ewl,btj
gmm,hvq,awv,dps
gmo,zry,rlu,qwe
gna,gjc,big,wfx
gnq,agc,tdp,ezv
gnz,bwt,hkd,fnt
gok,jcx,now,ijr
gom,rrs,now,pbj
goq,cws,cyf,ggj
gox,mon,yir,vos
grb,kfd,bfv,zjn
gro,ddj,pyz,hmk
gst,qoa,jxi,xvz
gsw,apf,vwk,hgz
gsx,onu,dsf,arf
gsy,rwf,kyd,xfh
gtg,baq,zfc,ena
gtw,ppj,nxi,ggk
gub,hpq,oju,zgs
gut,ygm,upi,rer
gvd,auw,qev,vns
gve,vzv,xwg,eap
gvp,ein,xlb,wjl
gvt,yfa,mfh,dfg
gwc,epb,vrw,ynb
gwh,gvf,ncd,zry
gwo,eee,uot,boc
gwr,oou,aay,pqv
gxl,rbc,djw,fap
gxr,jvf,qpd,wua
gys,lhg,dlp,jfl
gzm,uku,xvb,ims
gzs,dde,rtd,hzn
haj,abv,tbb,aze
hbi,cmt,mly,wrj
hbo,kgd,jwx,wjp
hbr,cqg,wnr,akf
hbv,ddu,hqw,gkl
hce,ptp,xhz,iwg
hdv,ecx,ewl,ini
hfi,xdr,hzr,tpj
hgh,tbd,fye,gvf
hgo,keo,brw,mqn
hhr,air,jrj,olw
hil,vuv,jhu,vej
hiv,liu,avz,jsp
hjl,kko,lwe,jqu
hky,juy,sru,kyh
hkz,hvt,yvd,tyd
hlb,zxh,ceq,zom
hlj,tkq,rhv,tdy
hlt,wvq,rxl,zfs
hly,mhf,ckw,hkx
hml,lbw,nwn,zqd
hmo,swx,gxs,edp
hmu,uib,nls,thl
hnz,jrv,dlt,evj
hpa,net,sqy,agc
hph,efz,ioy,eql
hpk,lgj,dwb,ckb
hpr,btu,psa,bdl
hpt,tgs,eak,lrb
hqd,lbt,uot,yqs
hqe,hpm,lyb,duh
hqi,clb,mze,ioy
hqt,uqv,bqm,pps
hrc,gqt,gfs,aze
hrg,ufk,uue,pnn
hri,eat,vbr,oqp
hrk,uvu,ysi,scq
hrr,zzf,olq,kyu
hse,ehz,tta,boc
hsg,wpa,hbt,kvn
hsh,uce,sir,jjf
hsn,cln,vqh,bcs
hso,rst,zzf,jvn
hte,lnq,rps,yya
htg,vhe,uha,vqh
htw,qby,lxv,yvy
htx,ihg,qvg,sai
hui,src,bne,pma
huy,iqj,ptp,cic
hvb,box,ngs,npt
hvi,xtz,pop,tsb
hvk,zjq,ubz,nsa
hvr,cak,kzb,frn
hwj,djw,itp,evy
hxf,jcs,hpc,iur
hxp,fxv,mrq,zew
hyq,xoc,ljz,czu
hzf,jnb,ezu,rst
hzh,afw,uxj,tep
hzk,ekx,zxc,jrv
hzo,ohu,tqy,vsw
hzs,bmu,nod,fev
iae,qva,msm,jsp
iak,itc,pty,lvb
ial,stb,nok,kgv
ibb,pjp,avg,qof
ich,ebg,ago,xmj
icx,abu,xvb,dga
idu,alu,dlu,yxe
iec,yxf,pjg,amc
iei,dga,vnt,iki
ies,nrp,alm,qwi
ifc,nrs,tkn,gwi
ifl,hxv,zyd,dyw
ify,omo,zpq,hvs
igc,tex,tmc,jgn
igl,vul,pgb,vpx
ihb,avz,xws,oii
ihe,ntk,euu,eak
iiq,jxi,big,rwt
iix,udc,mjs,maq
ikh,ttb,ivf,jck
ikj,okm,mhz,ynk
ikm,cyq,ipc,net
iky,tep,ikg,rjc
ikz,eke,jex,utw
ilv,mye,tpn,zcc
imi,nok,mzx,seu
int,dgl,evj,wgs
ioa,uwt,dyc,kmv
ioi,vre,ynb,rwj
ipd,qpc,tpn,gxp
ipu,icv,czs,ted
ipv,hzy,pzj,evy
ipy,mhl,djf,jck
iqc,rca,wgr,szx
iqk,srh,yfk,cyo
irk,cnf,sgs,vor
irt,url,whr,wja
irv,fbk,iwm,odp
isd,nfu,gnf,jbr
ise,jbc,nut,jaa
isv,lex,xof,ocn
itm,zzb,fmz,dch
itt,odi,ocx,mom
itx,ctm,duy,pyn
iua,lqc,kpp,lrb
iuc,vqy,xso,vxd
iuk,whc,qow,guz
iul,tqw,ols,mqd
iuu,anr,kyh,jbv
iuv,mti,xoe,wdv
ive,cql,ixi,zis
ivk,ewo,bud,amc
ivl,owq,ucy,tad
ivu,yfk,nyi,gvu
ivz,zux,gsi,owq
iwe,hiy,evr,nrl
ixm,sgn,cvj,rca
iyc,hdz,yyv,utf
iyl,nsa,neb,zoh
iym,fcx,uel,fye
iyz,wbe,nhd,ujm
izc,fye,qpw,vlw
izo,ucq,wjw,vhy
izx,dgn,wzm,mmw
jad,znw,aof,dez
jag,thl,ggb,iuh
jak,evr,jvf,jec
jal,rkb,buk,ken
jao,egb,rhk,qsu
jat,fwb,rmp,pbj
jav,rzk,sbv,qwe
jay,fmz,sir,fvc
jaz,gao,dsy,ffr
jbf,gnm,ysm,sdm
jbi,yms,mez,xso
jbp,ezk,oii,cvi
jbq,xkt,qqy,wjw
jcb,aoe,qlb,ggj
jcf,xua,tmy,seg
jcl,tza,uxj,hhl
jco,ago,awo,dwg
jcr,kmv,izs,nqn
jcu,pcr,mqr,khk
jdh,vob,ryj,tzt
jeq,ekw,rem,wua
jey,uau,zpq,akj
jfb,ekc,wba,rjs
jfe,loo,sbv,wgr
jfh,jww,ivs,nhd
jfn,mrq,dzj,rtx
jfo,tda,whc,uot
jfq,qow,fah,hho
jfu,qfx,fye,xuy
jgg,rjc,efl,pub
jgm,rwn,dlu,ofq
jgq,kna,apr,iby
jgu,kzb,ldy,oii
jhn,ncw,ixi,aoi
jhx,oyw,ucy,onu
jia,vfp,fov,nls
jik,uzd,rwj,oir
jio,pzc,uig,cln
jiz,que,ljz,ggk
jjb,tpi,zxo,rer
jjp,xoz,hak,wuy
jjq,whr,gsi,muo
jka,jhf,hww,enx
jkb,acc,qgm,qqy
jkd,ibs,ngs,frl
jke,xno,ini,eki
jkh,lij,opx,dso
jkj,nyi,hpc,src
jkw,yhl,nsk,ref
jkz,lyk,uit,kww
jlg,ltv,tkn,dzc
jlk,cgq,coi,lnc
jlt,vpo,jli,mtv
jlu,cbj,gge,hju
jmi,pab,qnw,sii
jnd,ogx,vsd,ixa
jng,ypk,fhp,zjn
jnk,uep,box,pop
jnm,fme,ydk,jex
jno,zjl,yci,yfa
job,nzk,piy,tsb
jom,abg,rcy,gao
jon,ujp,yqc,dea
joo,fgk,okm,ack
jov,pqv,sye,inw
jow,rjy,kvn,uyr
jpc,abz,dyc,jvn
jpe,dzz,piw,lrb
jpl,rps,ivs,rjs
jqb,sqs,atw,ucp
jqi,jor,rrs,xyc
jql,wik,vub,ski
jqw,sfv,xvb,zxk
jqy,gqn,ddj,qvz
jrl,sds,msm,qys
jru,eso,ywd,krd
jrw,bat,ste,mze
jsq,drs,wqi,ppj
jss,zay,goe,qvg
jtd,jze,oir,pzj
jth,eak,dga,zvq
jtm,bcv,zis,gbw
jtx,fxf,ptl,qey
jud,crl,dru,hmi
jul,ujz,kyh,tww
jvb,iea,apf,jeu
jvl,alm,izd,ikg
jvp,qqy,wqf,qsj
jvz,vyn,uit,xjj
jwo,yeo,hbd,axz
jwq,nvh,owq,box
jwu,gsn,kmt,mwc
jxa,mkx,jyg,mja
jxp,qic,ttg,iwm
jxu,bid,uon,ntk
jyb,ttr,sgb,ugc
jyj,hmi,hpq,lgj
jyo,wmz,bud,jel
jyx,olw,tpj,vdl
jza,ehy,vhg,hkx
jzr,mzt,mom,duy
jzw,bne,scq,fcp
jzx,zfc,zfz,tuv
kaf,imp,zoh,jee
kao,hmk,tda,atw
kbb,obl,sau,epw
kbd,ckb,xwk,gan
kbp,nll,bat,dvn
kby,flz,nrg,qnw
kbz,ndi,ykj,bbz
kcj,ycq,lhf,ggh
kdj,bvp,uds,txe
kds,brw,itf,dde
kdt,wnr,mon,pma
kei,vay,bcl,cnx
keu,usj,yci,erg
kfe,aok,apr,mfx
kfi,ste,pkx,fpd
kft,dru,ygm,dzz
kfv,xxp,xsm,epo
kgn,ngd,qtp,ong
kgx,jub,xoe,ibi
kgz,ggd,fxu,hzr
khi,npm,jqs,rdu
khu,zfz,zwm,ceg
khx,ghd,epb,vrr
kib,vxp,ttv,veu
kic,zyp,rdu,gpa
kin,fdj,sau,znw
kix,suj,flv,ofd
kiz,ajg,vhv,mga
kjh,pby,ckw,leh
kjq,gew,rfj,jjl
kjr,wpd,tta,wkf
klh,ffr,adh,gph
kmu,cmm,fkq,jwx
kne,lly,kmt,dlo
knf,dps,ohf,ujm
knn,wgf,gjo,qkz
knq,wic,bgd,hvq
knr,rfo,pjk,bcs
koe,hdf,avg,ixu
koh,rjs,xri,jvf
koj,mez,ejk,bbd
kok,vpv,zzz,qpe
kot,rhx,kbr,fjp
kov,iqz,nja,ntz
kpk,nmx,gqs,xvz
kqf,him,zkk,yqj
kra,dlg,tqy,net
krs,xgd,zqr,ygn
ksa,iqh,zif,yfm
ksg,ena,tup,igr
ksy,fzl,qfj,nlv
ktg,ugc,rab,mbu
ktj,wal,fnt,txe
ktk,wjl,lby,dyw
ktx,zuc,myu,xjj
kuc,gxm,bqh,ftg
kut,itp,xkt,bqm
kva,mai,lyb,xit
kvd,esm,jxz,flz
kvj,mfh,zyf,jqs
kvu,ien,wev,ngs
kws,jmh,qry,mjs
kwv,qjt,qpw,pok
kxg,dxp,mom,xmr
kxk,bdg,dsu,tyw
kxt,kbr,rgf,mti
kyg,zei,ztc,bfo
kyp,lva,ccp,gan
kyv,gpa,fpd,zpq
kyx,znl,ujz,nwn
kzc,vsq,rus,auw
kzd,mar,irc,rst
kzq,eki,zbu,bmu
kzu,vpx,qxg,qvg
lad,hww,bsx,jjl
lau,jkn,txs,iql
lba,eup,fzl,dla
lbb,rfs,zyf,xgd
lbr,jel,bip,pjp
lbu,xfo,tmg,ypk
lcb,lnc,cnf,eki
lcy,jrn,hiy,sdb
lde,iwg,soe,urj
ldj,zal,shd,qva
lea,xft,hwg,avz
lei,red,nhn,fxu
lek,iuj,bnz,hen
lfo,xol,hhl,hgk
lge,vsh,ekx,onu
lgf,odp,zfc,ovy
lgg,lol,mgp,xes
lgk,msm,xdf,zdw
lgl,rai,qra,ytm
lgt,ici,nrs,arf
lgv,hpp,qum,mon
lhn,iql,pfp,hsw
lhu,jhq,pyz,ubo
lhw,ldy,jee,qys
lil,atg,srh,mnh
lir,yrb,baq,afw
liv,som,xph,ken
ljf,hom,syj,qql
ljg,ngs,ixj,xhe
ljq,zxo,ogx,thr
lju,pps,wsm,hsw
lkg,jga,wen,uuh
lki,wjw,zgs,yqc
llp,cxw,vrf,gfy
llt,uxj,tyv,yxf
llu,tuv,qjh,ldy
lmb,zne,vrz,vdf
lmj,cwn,ewl,uen
lnd,edh,lps,cqw
lnh,qsj,bon,fzi
lnm,tbb,tsb,vux
loc,gyc,pty,yas
loe,acb,lvb,nrg
lot,osh,lfg,wjl
loy,nax,tcw,udd
lpa,aof,cpc,jvu
lpg,rcl,rbo,scq
lpn,yli,tta,zyp
lpx,pmi,fev,yqb
lrf,jcm,bzt,juy
lrt,mnj,awy,ozi
lrz,nqn,gpy,atw
lsb,wyt,tza,eso
lsc,haw,ijp,dlt
lsg,ahi,erp,avc
lsk,gtz,bvp,biz
lso,bcu,stb,rwn
lta,gph,ppq,byt
lti,gwi,pea,cxf
luc,qql,veu,wou
lug,gar,saq,swx
luw,paj,tpj,nrs
lvg,cgg,akj,cga
lvk,axv,kbr,big
lvp,rem,yvs,zzd
lvz,opv,ojp,eup
lwg,rlu,ajn,tgn
lxg,sqi,ttg,uds
lxk,bqj,qrg,aqw
lxr,enj,wyt,pma
lxw,vos,bud,wed
lyv,gjv,pfr,vob
lza,bfo,rhk,ufq
lzl,kla,dla,qxg
mab,ohq,vhg,bzq
mag,hzr,ted,ghd
mak,xii,dzc,ocx
mas,kio,din,ewo
mbe,ziw,ard,tad
mbt,svr,daj,xnj
mci,awv,xxe,ivf
mcj,brp,mom,igo
mcp,nds,hzr,guw
mdc,bxm,inw,coi
mdf,gjt,dql,ycg
mdk,iir,bua,zjn
mdn,luh,waa,yfm
mep,nja,bfq,kjy
mew,dwy,pjc,duo
mfb,sry,six,vre
mgi,ggb,pna,vdr
mgs,whw,sxr,zwh
mhh,fnt,odb,xkt
mhv,wqi,fev,vlp
mih,vdr,dsf,xdr
mij,tvu,mxd,dor
mit,lzg,oal,zws
mjf,iqo,fhp,ohi
mjg,qra,qyh,vef
mju,ukh,chy,enx
mkp,bff,edp,ziq
mkq,gyg,ygv,keo
mkv,ken,cvj,zuo
mld,erp,hpe,ikb
mln,zck,adn,mtv
mlr,csj,sgn,cqw
mlx,gcs,zqw,npi
mmi,iiu,mbo,ahi
mmj,yot,hwg,rgf
mmx,sug,zbu,yzg
mnc,dcn,gcs,gph
mnk,vso,ena,sfv
mop,xqn,aeq,mbu
mos,fap,ymh,esq
mpn,unn,tta,vzv
mpy,cbe,him,vvf
mqc,otv,mga,tlz
mrf,rbo,jkn,rsl
mro,guz,unp,xyc
mrt,utf,nwn,wih
mry,xyc,gds,uwg
msc,kvn,qjq,cfg
msi,aay,rhc,hvp
msu,ccp,cak,ulm
mtj,gan,ytm,kzz
mtk,sve,phh,snc
mtm,xwk,qys,vej
mtn,xdt,lps,uel
mub,iwm,cxw,tgv
mui,pvd,jww,kzb
muk,tmy,dcu,cqk
mvj,zis,eix,hhu
mvr,ewl,yqc,vvo
mvx,hwi,esm,kyd
mvy,mja,jsb,fzl
mwj,mmw,glt,csj
mwx,mqr,veu,dwy
mxo,gqs,kmt,gwl
mxt,fuy,fim,cla
mxy,qym,had,pae
myf,zob,arf,zzf
myh,idm,rcl,pic
myi,uax,gjv,rus
mys,ziq,nod,vor
myw,kyu,vac,zkk
myx,bon,qkl,qic
myy,ngq,glf,lal
mzb,yll,nzk,qfj
mzd,slt,ixe,hyy
mzh,ohd,suj,dzk
mzj,ixh,jsa,rhj
mzq,jwz,hpb,aof
mzv,hvm,yhf,kzb
naf,wzb,xyp,loo
naz,qwe,lbt,vyn
nbd,qkf,lbt,qxu
nbp,hwx,zyf,eqi
nbs,xfh,dwg,hwy
nbz,xdf,tfh,jgo
ncl,bxl,maq,kvn
ncn,szl,wed,abz
ncs,hpo,mhx,zzd
nct,tlz,pps,gqt
ncv,rpm,eql,hqx
ndd,gkh,goe,lpz
ndj,dzk,wff,cga
ndo,zhk,uvl,krd
ndp,fio,upx,pcj
ndy,wpm,emh,jbm
ndz,oiq,dvd,uwt
nec,ywd,jgn,egb
neq,yci,jtc,jeu
nfp,vsd,bxl,qzk
nfs,sim,mja,hds
nfx,ean,rca,glf
nga,nzs,rlu,fbk
ngo,mns,iby,bzt
nhm,npg,qtp,ejk
nhu,urj,tad,uzp
nih,zkc,uit,upf
nin,ggk,srw,fap
nis,rhk,nne,bfo
njc,zsr,mut,lod
njk,pqd,aoe,vrz
njm,xhe,bsx,ysm
njp,qlb,fzi,pfr
nka,qpe,pwb,uwk
nkb,bex,gvn,rkb
nkc,krd,tbm,owq
nkf,wwg,xxp,crl
nkl,qwi,nsw,mns
nko,ixu,mtv,mhl
nkp,yas,zif,qln
nku,eql,pwj,yxf
nkv,bqm,ojk,wop
nkz,nbi,avc,daw
nly,agv,brl,wwg
nlz,zif,wih,upx
nme,amc,xmo,kna
nmn,odb,jjl,yqc
nnb,seg,vpv,mye
noe,kpp,mnj,iby
nox,quy,zis,vma
nqe,wta,ijp,jcs
nqm,hxo,fkf,rdc
nqq,sii,pby,dvv
nqr,jlo,kgv,sry
nqv,hva,dlu,aal
nrc,ohf,suj,rfo
nrh,zqb,onz,fxf
nrn,qui,jij,vpx
nru,dzc,yeo,ggd
nrw,qvg,wzm,rfo
nsi,isy,bon,gyg
nsq,psa,yyn,que
nsv,gjn,scq,aea
ntc,ani,xwg,nrl
nte,mly,fim,otv
ntp,rmp,gdk,txs
nub,vok,fth,zhk
nuc,vxd,jqa,yya
nuf,xdd,som,qwi
nuo,cdq,zkk,daw
nup,wpc,sye,rvl
nuy,zbt,pka,ted
nvj,ihr,adn,rtw
nvt,bfa,wtb,pzz
nwe,mff,ocn,wev
nwf,olr,qym,hzy
nwh,zco,yxe,gds
nwr,saa,ymf,dip
nxa,ose,vma,wce
nxv,awo,yya,npt
nyx,zgs,qpe,dyh
nza,ugi,pyz,anl
nzc,atw,wou,sir
nzd,uuf,bnz,ydk
nzf,msp,zxk,pmi
nzi,gob,pix,cjk
nzl,kxj,iyu,zdx
nzm,vwq,wgf,qrg
nzn,pop,dzj,ojs
nzr,xuy,gjn,igr
oab,yrv,msx,ltv
oaj,ygn,iyj,ibs
oay,ckl,lbd,mff
obw,ijr,dwg,qvg
obz,oly,urg,jex
occ,nvo,dwg,ftg
oce,zlf,qfx,epw
ocf,ibh,jfi,hen
ocg,pok,dgn,wzi
odt,kyn,lhg,cch
odu,biz,pns,sry
oee,ozi,aer,ehz
oeh,edp,pkh,seb
oep,dyh,zyz,ceq
oew,wgn,rcj,brl
oex,adv,sxr,xgi
oey,yqm,dnj,kmt
ofk,qwt,ipc,dwy
ohs,wyc,eye,qmv
oia,snc,vxp,epe
oid,iqs,ddj,iwg
oim,bik,kko,fim
oiu,hpc,lwd,jsp
ojw,rwj,kgv,brv
okk,wzi,qxu,whc
olb,erq,fei,iqh
old,nut,vsq,sds
ole,hoz,jnl,scq
olf,maf,fcx,lqc
olh,fah,mlz,vrw
olm,ouj,tes,fim
omf,vac,cxf,lej
omg,eyf,aqw,hak
one,wlb,pzx,kgm
onq,sgs,lch,duh
ons,dsy,tyl,erg
oog,tph,unn,aqb
ooq,uot,bfo,fbp
opk,tpv,jwa,bwt
opn,ojk,fzl,udp
ops,mud,vsq,iwr
oqi,pzz,qby,bik
oqo,wyx,pmb,aqw
oqq,gch,ztc,ejk
oqt,kyh,ysm,ohu
oru,mlp,mkh,gpa
orv,jfi,qax,psa
osd,qxg,twu,rdv
osj,lvf,bcu,dgn
osk,zzi,iuh,uwg
osl,tnk,eqe,alm
ost,bcs,glf,shs
oti,hjv,jwa,qjb
otj,pna,ukh,zzi
oto,ctp,cdx,saq
otp,sye,bzd,ohf
ott,iau,mwv,nqs
oul,upm,swe,xdd
ouu,ycg,jaa,qsj
ouy,pgb,neh,uwf
ova,bsb,eql,uax
ovl,bch,nsa,zuc
ovp,tsb,rsk,hju
owe,zwh,ppl,ref
oxa,mrs,unn,vxp
oxi,vqh,nnm,hxo
oxs,ocx,nas,qia
oyc,bee,avg,xyz
oyd,rwt,mmw,afo
oyh,bzd,jli,qnw
oyi,bkp,brm,sai
oyn,fes,jvf,qde
oze,hpx,yfm,ici
ozl,qvz,goh,saa
ozr,zyz,ovf,odi
paf,jli,vnt,oij
pay,rvg,eqi,uxl
pbl,xvb,cbe,kfn
pbr,wqf,rfh,ylq
pbu,yya,eee,glf
pcg,coi,duo,gew
pdc,yns,zqr,pzj
pdd,ghc,yya,tyv
pdj,dql,rzf,tvi
pdk,bwq,vrz,qam
pdq,bua,ggj,zna
pdu,iam,nrg,gjk
pdv,hju,cdy,bpt
pdw,oju,hag,igd
per,bcl,iam,xtz
pex,lps,uzd,aay
pfl,zdi,cok,yns
pfm,kgv,dea,hak
pgd,kyd,iyi,ekq
pgf,zjv,maf,crl
pgh,uvh,mhx,oyk
phg,hjd,ysj,omc
phr,gvn,dgg,bqj
pht,dwx,ewl,mkx
pia,hwg,fcp,aet
pif,czy,ouj,awv
pit,tbm,yce,wso
piu,tyl,jee,mkx
piz,vmd,vdi,gxc
pjr,cmf,urg,mne
pjy,swe,ygv,ffr
pjz,hkd,mlb,lma
pke,gya,muo,ddm
pkn,xaw,gvz,mze
pkp,pnm,zvk,tpj
pky,iyj,tyv,uce
plc,rxt,kxj,wih
plf,zkq,wdv,vlp
plg,vrr,vuv,zpq
plp,xmd,efz,eup
plw,piy,qmo,dwx
pmq,tad,rhc,hfe
pmw,hav,jsp,jae
pnk,chu,ygm,ymk
pnr,ntz,jnl,gkl
pnz,hgk,qpd,eee
poc,hac,dqu,kbf
pof,oir,iir,pjb
pom,vzq,hgz,czs
pos,kef,onu,osw
pox,mnh,vos,esm
ppa,pnn,ypm,zfl
ppz,xlb,htj,srh
pqc,cfq,red,rsk
pqj,xuk,zqs,gvn
pqw,nsk,ckj,gnr
pre,ohi,pcr,ceg
prz,dam,swl,zgq
psd,dla,ftz,lby
psu,ini,uit,byt
psv,afx,iwr,zew
ptc,eqv,xyp,enj
ptk,wjg,qhu,tgv
ptm,ipb,tnl,uue
ptn,ghj,gwi,gmf
puk,nne,vhv,vpt
pvq,ndt,gzf,wvn
pvy,hgb,rdv,cch
pwo,urs,acr,eki
pwq,ucy,jqu,xkt
pws,qjq,tof,uux
pwy,kww,dsf,gnr
pxc,qpw,upi,ekq
pxj,ppl,adu,pka
pxm,bvj,dwg,rfo
pxs,dpz,cqq,rwn
pxw,jeu,uen,sqi
pyl,zxi,csj,xoz
pyv,lmv,lim,hbj
pyw,izs,wop,vhv
qai,klq,pnm,him
qal,xws,odn,pch
qar,syg,sej,tmy
qaz,jxn,hgz,wiq
qbn,mlt,rdv,zyp
qbo,six,zhk,rtx
qbp,cga,fqh,fkf
qbq,fei,zqs,kgv
qbt,ldg,bgy,xit
qcd,uwg,vnw,net
qch,aun,dpt,hae
qcj,ynb,cmf,cyg
qcp,cmn,zne,xhe
qct,tdy,bqh,hwx
qef,xes,drd,hfe
qeh,nas,ymk,jsc
qez,sgb,gsm,bat
qfm,igr,aqw,iml
qft,yqj,alv,ttg
qgb,ted,msm,gky
qgc,hak,pyh,flz
qgo,fim,idm,nas
qgr,rnz,hsw,gnm
qhf,iws,dla,zay
qhy,rtd,mlb,bat
qif,jgo,ijp,cxf
qji,qdi,wmz,dga
qjm,qkz,dtf,jcs
qkd,rfj,uzy,mie
qki,gky,uel,ngq
qkr,jae,sbr,jeb
qls,cxf,tkn,nvw
qlu,glt,bnt,yzg
qlx,vcr,pwv,zco
qly,qlm,uwf,gph
qlz,skb,mgp,zxi
qml,mhj,nhy,tup
qmr,ocn,ijd,xii
qmx,kgt,wjw,som
qne,qry,but,zws
qni,far,yfa,npm
qnp,qgm,nvh,ono
qns,gfw,dpg,jij
qpb,ynk,mzx,eke
qpl,sir,ofg,aet
qpv,phh,bik,pns
qqq,ylh,fkq,hpm
qqt,rvl,gjg,muz
qrk,brl,ims,hit
qrq,qsu,taa,cxw
qru,pyz,ufk,qfx
qrx,avc,seg,ufq
qrz,twd,zyr,rcr
qse,faq,ezu,aqq
qtk,dtf,tbb,ijr
qux,tyv,scq,ojp
qvj,gge,fqh,gyg
qvs,wop,tup,avz
qwl,qzk,zjn,hak
qwu,gxp,qpd,ore
qxk,sxr,oiq,zfz
qyl,lag,onu,dam
qyo,hyy,jhz,haw
qyu,stv,lfv,szb
qyv,hot,nls,hwg
qzb,ysb,jhu,jrn
qzc,mga,rsl,oju
qzo,wed,ndb,buk
qzu,bjy,wed,xaw
qzv,jwx,frn,qwk
qzy,rkm,uce,eqi
raf,eap,pwx,hdz
ral,jgn,zzb,ydk
rbj,hey,qyh,rxl
rbm,vvo,kyu,bfa
rbv,zgg,qfx,ipb
rch,hbc,cvs,xaw
rda,vht,hpe,rsk
rdj,ljz,bol,ejj
rdk,chy,iwr,yas
rdl,dsa,gjc,dtg
rdo,qao,nls,rmp
rec,oaa,had,hgc
reo,sxa,pju,baq
rfd,sur,gzn,isb
rfi,fbp,pjg,twu
rfn,ydi,zna,pmb
rfu,jex,nnm,rwj
rfv,ysj,wyx,eqv
rgp,lrb,lmt,qql
rgu,gme,wwg,iwg
rgw,qia,ghc,wcj
rgx,rtx,dez,pwx
rgy,cld,rtw,xmo
rgz,lqh,rus,ujz
rha,czs,wop,bnt
rhd,aal,gew,cdq
rhn,ikg,prd,kth
rho,ppq,box,bkd
rhp,hgu,jcs,fvc
rib,may,ini,xws
rio,lch,mvo,pvu
riz,cya,wjw,jwz
rja,pae,efv,rfh
rje,hag,hva,hwg
rjj,srw,mqr,npt
rjo,zxk,mwy,roc
rjq,ydk,zis,lvf
rkd,hvs,fgk,jyg
rki,lal,jwx,rem
rkk,pya,olq,xmj
rks,dsf,yqv,lnc
rla,yvy,sqy,ywd
rld,oag,uig,xmo
rlm,jvu,haw,jkt
rlz,ynh,psw,wkm
rma,okt,mar,dim
rmc,uel,vpo,mlt
rml,ela,vbr,cga
rmm,irc,wgr,dla
rmq,jig,xxu,csj
rmr,ivf,txq,qkz
rms,akq,uhg,ysc
roi,jac,rem,hll
rom,xze,xwg,ofg
rot,qxu,ack,ggh
row,opx,pka,hzr
rpv,aep,qug,baq
rqu,jic,ryb,qnn
rrb,rdc,lqh,eqp
rrg,mhi,ynh,vrw
rrl,dpg,urj,pok
rrn,euu,bfo,vmd
rrx,jrj,tgs,qrt
rta,efv,hyy,hzn
rtq,ijp,xek,vxx
ruf,ezv,rwt,pcj
ruk,wya,jnl,efv
rum,ixk,qym,whg
rur,lzc,ewj,uqp
rut,kya,nsk,xyq
rvu,yce,zwh,mud
rxr,dyc,dpt,oaa
rxw,had,ycq,iau
rxy,jhz,swx,fvc
ryf,bol,oal,ste
ryl,ydc,iau,odn
rzc,tyw,iab,jrj
rzp,tch,lbd,gky
rzr,tgr,sxa,wiq
rzs,gqz,rtd,uit
sax,bbq,hve,nva
saz,jsc,svr,wqf
sbg,jbr,maf,ccp
sbj,kjy,pjg,avg
sbx,oyf,kvz,vgw
sby,yir,uwk,ppl
sca,hfe,rgm,oaa
scr,awy,bnt,rwf
scu,ols,pdh,rcj
scy,oxc,bpt,bxl
scz,nui,qyx,zsm
sde,vdl,eyt,rwn
sdz,jyg,fqh,wih
sek,wus,soe,qjq
sex,bip,dek,dhn
sfd,pwj,syk,oom
sfe,yvq,lqk,jrn
sfq,kbf,qdb,psx
sfu,drd,rxl,liu
sfy,ozd,goe,emr
sfz,fpl,fxo,xwa
sga,wou,jvf,cmt
sge,boc,cbi,qhu
sgw,dbz,fgk,dwb
shu,dfg,qql,cgq
shx,kth,cla,fwb
sig,mkh,tgn,vso
sik,uen,nah,pkx
sil,hnq,ymf,ogz
siv,xmo,vft,ezk
skt,cnx,rai,rnt
sky,hrp,eup,lpt
sld,duy,keo,abz
slh,zom,wpm,ygm
slk,wiv,fyp,hzr
slv,ypo,sqe,zwb
smh,mom,evy,wmz
smk,pea,imq,yvs
smv,psx,hpm,rtd
snb,dhn,egb,aqq
snm,sej,hwx,iqh
sog,rab,ixe,cnz
soh,hvp,hpx,trl
sor,mzx,oxn,lfg
spy,tob,zbu,vvf
sqf,ipc,nbi,azk
sqh,nsw,avl,xol
sql,tzt,hpx,src
sqo,uue,mko,qwe
sqr,njj,ref,pbj
sqw,dgf,wbe,ucq
srb,leh,ltv,ela
srg,buk,fye,axz
srl,uwk,swx,aan
srm,wzm,wmz,onz
srp,edv,wja,znx
srz,dlo,sbr,kio
ssc,vpy,zjl,pjp
ssz,ixj,zgq,sau
stn,dcu,hvs,yqs
stp,qum,hgz,vrr
str,ucp,bud,qfd
sub,sbt,vyp,waa
suk,lyu,dam,yvh
suy,ngm,ith,ojg
svo,hll,rai,uwg
svu,zbu,jrj,sug
sws,fkq,mko,qmo
sxg,vnt,cbi,kya
sxq,jnl,vzq,afx
syc,emh,dma,hoz
syn,rgf,xut,xmj
syp,vhg,wnr,ohq
syv,hhf,rfx,eup
szc,ozs,btm,zxo
szp,tbf,dch,mhx
szq,rlx,vlb,gqn
szt,hwy,xyp,xit
szv,nmp,wvn,gnf
tac,hzu,mye,lwe
tay,ttv,zdx,mex
tbj,lod,pnx,pyz
tbk,dvn,qax,iyu
tbq,rcy,tip,bfq
tce,zgk,jft,sai
tcf,isb,vsh,evy
tco,pns,rer,tyd
tcp,wvw,jga,gnm
tdg,bhb,wvw,vyp
tdn,upo,kzb,ofd
tds,iur,zne,yce
tdt,qhu,mrs,vnt
tef,ylq,tup,whr
ten,yid,sos,irn
tfc,lwr,zvf,lxv
tfl,aqw,lhg,xfo
tfp,nrl,qlm,aqy
tfr,hrn,lnj,vrw
tfx,daj,rhv,gcl
tgf,jij,wzi,nne
tgl,qnw,vxd,qdm
tgz,duo,nja,npm
thi,dlt,hak,vsh
thu,aze,wih,ixu
thx,tgv,mzx,lyb
til,unj,tza,ejj
tji,ofi,avc,ack
tjn,fbm,zar,ozd
tjp,adn,lwe,gnr
tjr,wjv,zob,gsm
tjx,hsw,wce,bvj
tke,byt,otk,dcu
tkk,uus,lby,eqe
tlj,urw,aay,dyc
tma,ybv,qdb,mhi
tmi,mhq,pix,jcm
tmm,joi,itf,bff
tmq,bsx,mai,sec
tnb,vrf,akj,nsa
tng,qna,jxn,syg
tnr,ndb,awv,pty
toi,lmt,upf,nrs
tok,hqn,nxy,hgb
tor,pvs,dgf,ifg
tos,hbj,lol,sbt
tov,vzy,ucq,kxv
tow,vyp,hbd,kvz
tpc,bot,zay,roc
tpy,pmb,ioy,hzi
tqb,qrd,ekq,yrb
tqn,lwa,ppl,lex
tqu,ore,zuc,uzi
tra,hkx,xnk,zay
trf,cok,stb,bzd
trv,vkx,zsh,xkt
tso,fev,jbl,tfh
ttt,igo,ngs,tpv
tug,cdy,gjn,mpz
tuq,cwe,qwi,gqn
tut,trl,tbb,gkj
tuu,zju,zry,zuc
tvj,fkf,odp,ljz
twj,pwt,pcj,bbz
twl,kzz,dps,vea
twv,rsc,zna,bne
twx,bkd,oju,ixe
tys,kkt,ago,hiy
tyz,daw,jeb,vvo
tzf,epw,zlf,pka
tzh,pfr,rfo,edp
tzk,rmw,qgm,xnj
tzn,cpn,rpm,ken
uai,gpy,xja,eqv
uar,rfh,bnz,ecr
uas,gjm,vyh,yxf
uav,pqo,seb,vul
uba,tip,hsw,baq
ubf,yxe,mga,hak
ucz,uqp,iki,odi
udl,lby,uon,xyp
udv,dvd,vsw,gjo
udx,qln,bud,kyd
ueb,lnj,lva,bcv
ueo,hen,ocy,dla
uer,sru,wzi,zar
ufc,ryj,rlf,ytm
ufo,jrr,ohq,vul
ugf,tvi,jqu,irn
ugq,qax,jsb,zom
uhd,tap,jfi,rrs
uhm,aqq,brm,dyh
uhn,gzn,pns,svr
uik,ixe,yvy,ymh
uiq,pty,wik,kah
ujd,xxe,yqs,acr
uje,suv,tyd,shs
uka,rnt,jrj,qnn
ukf,dvz,roc,yyn
ukl,ddw,vob,rca
ukn,upi,itp,bvj
umb,qfu,vql,nnc
umj,cjk,dch,rdv
umr,ibg,nsk,uuf
umy,oma,fxv,qmo
unu,axz,xjj,nvh
unw,mtz,oyf,aer
uoq,bdl,aan,pju
uov,gdk,vky,wed
uox,lxv,gfs,upf
uoy,vej,jwa,ukh
upu,iyi,abg,zdk
upv,qfd,keb,vdl
uqk,wpf,soe,jlo
uqn,mne,gob,arf
uqo,cdn,tip,qjt
uqq,yvd,vrw,wsm
uqs,rfx,wjv,pfp
urv,xxl,tis,src
ury,pyh,uvn,btj
urz,lwt,gyg,drs
usr,rpg,lwe,sir
utc,zls,tph,unj
utt,bvn,nah,ocp
uuj,avl,vcr,lvb
uup,ytu,evy,xsl
uvm,hpd,xri,cpr
uvr,big,cic,gpa
uwl,aod,vbr,rer
uwo,vvf,ucp,fnt
uwr,zvq,enj,zjl
uws,qfj,iqz,wjw
uwz,yvs,wus,zdi
uxe,emr,vcr,tda
uxv,ibw,jrn,qjb
uxw,rgm,hoq,cun
uyb,yqc,iqz,pcb
uyn,gsm,yhl,rty
uyz,iby,sur,bnq
uzf,rxl,ewl,ddj
uzl,sqy,pjk,ddw
uzr,sec,vdd,tph
uzs,ewv,frl,uvu
vad,gab,epe,ntz
vag,mze,rsl,ydx
vau,yau,yid,xfz
vav,sop,bzq,wjv
vck,cun,wdr,oom
vda,gne,yas,sbv
veb,aqb,wso,ajs
ver,bak,aoi,fhu
vfr,whg,phh,mbb
vgf,bqh,ucq,thl
vgr,hzn,hgk,qax
vgt,xsl,vsq,szb
vhf,wtb,hqn,zjl
vio,yaw,age,iea
vis,cif,jbc,qlm
vjk,ymf,kww,ymh
vjn,jmx,gmf,gao
vke,eyt,xmj,tmc
vks,ejz,pab,tbm
vkv,xoj,ozp,tmh
vlf,dvu,nut,qpy
vlr,iqg,tza,box
vmg,eqd,zjq,dek
vmh,ulm,lfg,efv
vmm,xwg,ewo,bbl
vnb,rsk,qpw,rkm
vnj,xyw,whw,jgw
vnl,psw,hbt,srw
voe,shs,ejz,awy
vow,eqq,vfp,hpd
vpf,ixa,kah,czu
vpl,kai,lxv,sgb
vqb,cww,stv,aad
vqd,lga,bgd,dwx
vqf,ttg,xuk,jxi
vqk,dlu,pnm,bse
vqo,toh,rmp,brl
vqq,utw,mxd,fio
vqx,upf,sci,zts
vrg,esq,qof,ixk
vri,izd,gwl,frn
vrx,saq,msm,rjy
vsg,xyq,ggh,rsc
vsk,iab,lwd,xmd
vsm,mtw,hac,qax
vsz,qjh,fth,gvu
vtg,nqs,pop,xsa
vtn,ifg,air,vhg
vtp,abc,sdm,qmv
vue,zzd,akf,nbi
vuf,tof,czs,ono
vug,pad,tqw,vns
vui,vrw,zws,hzu
vvg,dma,aun,nfu
vvu,nvw,tdy,lfv
vws,ref,onz,ljz
vwu,jjf,ypm,wfx
vwv,wdv,efz,bip
vww,ixr,sur,wua
vxb,ewm,fhu,vlb
vxi,ojs,dyp,ofi
vxw,evj,zjq,qnw
vye,xnq,wjv,yqb
vyo,fcs,qpc,bak
vyt,dez,juy,zra
vzg,rlp,ojs,ovf
vzk,fzi,olq,hgu
vzl,age,yuz,fxo
vzm,pwv,fap,xft
vzs,wcj,dlg,owq
wac,zjn,hzn,tgn
wao,cch,bbq,haw
waw,zfl,tap,nhn
wbn,xso,jph,ixr
wbo,dnj,tad,gpy
wch,vwk,nkd,mbo
wci,wiq,vzq,uxl
wcm,ubd,xxl,uel
wcp,zar,mwv,rgm
wcr,ogz,qnw,ujz
wcw,vlb,hpq,tgd
wda,ckj,rjc,scq
wdg,avm,qna,uxj
wdh,ono,tcw,cyg
wdj,wlk,cmf,qam
wdm,vxx,qdb,rhj
wdn,eru,kww,jex
wdw,xfz,gjk,bhb
wdy,ceg,wev,wkp
wef,rdv,qyh,vlp
weo,taa,zwm,sop
wew,ioy,hxv,lxv
wfp,wym,tmc,vst
wfv,ceq,yfa,gqt
wgb,btj,cnz,tph
wgx,cqw,brl,vpx
wha,zna,qxu,tbm
whm,fcp,ygv,rfs
who,ong,jrr,igr
whq,wen,pka,ltv
wjh,imc,luh,oou
wjo,hyh,pgb,wdr
wke,knd,xhz,dsu
wkg,jaa,aun,lzc
wkn,wyv,zqa,hhf
wko,otk,npg,yvq
wkx,crp,ggj,oag
wkz,vef,gds,dyp
wlx,cqq,pzj,pnn
wmc,atl,dcu,mbb
wmi,jgw,ugc,nll
wmm,sbr,ybd,hpm
wng,xsr,fes,eat
wnl,cni,xws,rjy
wnp,urg,jgn,xbh
wnq,scq,yyn,ujz
woh,ord,oaa,gfw
wok,ocy,qnn,kmv
wor,cyf,jrj,ojd
wpe,fcj,pwb,vxx
wpq,dub,cni,stb
wpw,lhf,psw,iqg
wqw,hqw,rfj,bip
wqx,azk,pya,nyi
wrb,vma,esq,uds
wrf,wmg,mko,aqw
wrr,uwf,dla,nvh
wru,zwb,nvw,fkq
wrv,evy,gqs,gds
wsc,akf,dqu,cif
wsq,trh,bqh,eru
wsy,fqh,eso,iab
wtc,qys,qak,fei
wtd,jbm,ifd,oof
wuf,zgq,rsk,zfc
wuu,mie,wpc,rvl
wvg,adu,jig,cun
wvj,jky,tap,pps
wwv,zyd,ymk,ptl
wxe,bbz,pkh,tlz
wxk,fmo,gnf,nax
wxp,aqy,neb,fxu
wxv,jec,hpe,vgn
wxy,qwk,fcp,eqp
wyf,zws,nnm,efz
wyg,xhi,dek,oag
wzc,jwa,aqy,pyz
wzv,guw,kgm,joi
xar,npt,tlz,bnq
xav,sau,oii,zry
xba,bpt,xfo,tny
xbe,ims,dyi,vas
xbg,zkn,ryz,hgz
xbj,vft,zom,twd
xbo,wgs,sii,pby
xcc,nmq,vmd,uuh
xco,cvi,sii,yvq
xcr,tup,rpm,vwk
xcw,ign,ogx,gwl
xdb,rdp,aoe,gpy
xde,cnz,qpy,pwj
xdj,oqp,adv,rnz
xdm,yyn,npi,nui
xdy,orh,xut,zyz
xeh,gvu,dub,xyz
xem,mvo,qpe,ogz
xen,ekq,vfp,icv
xet,jqu,mhz,shs
xfe,dgg,qey,yrb
xfq,jsa,ted,tzt
xfx,dip,brm,pwb
xgb,hxg,vvf,gph
xhf,neb,egp,rnt
xhl,gvz,mgp,pps
xhu,vhy,vqy,otv
xia,avg,yrv,rzf
xid,cla,zvf,aan
xjt,osw,bkp,gyc
xjz,vns,tfq,xqn
xlf,ubo,ffr,brl
xlp,zyr,ono,lbd
xlv,wgr,ypm,pwt
xmf,zqr,pcb,xaw
xmi,fth,nxi,hwy
xmk,yzg,wpf,mko
xms,nso,akq,mkx
xmt,thr,ofg,wgs
xmw,xsa,qaj,mne
xnf,kvz,lyu,gnm
xng,zqw,nmp,qmo
xnl,nnh,zsh,swl
xod,mgj,fim,tgr
xpd,hhu,zjl,bip
xpf,bsy,gnr,mxr
xpl,roc,usj,ibw
xqb,rzv,ibi,lbt
xqq,kej,irf,jce
xqs,ovf,vma,tyv
xrd,ryx,qqy,oom
xrj,cfg,jbc,lbt
xrv,tta,dzz,waa
xsx,pdh,cnx,xja
xtd,ski,ize,hac
xte,sbi,vgw,yau
xtm,wkf,cif,zgs
xto,qdm,czs,oou
xub,ibj,ixe,ntk
xud,afo,rxb,hwx
xui,gfy,sug,zuo
xuo,jkt,mkx,pvs
xup,sdm,mqd,qow
xuw,hum,qra,wpf
xvj,vgw,pvu,gar
xvt,wua,nax,odi
xwc,odn,qkf,rlu
xwd,wba,swe,kef
xwq,oof,tvu,xja
xwu,ded,jqs,urj
xxf,kah,nok,nah
xxj,uit,ghj,ixa
xzm,muo,awv,eyo
xzw,yqs,brm,ohi
xzx,vtv,nvh,oyf
yal,irf,abc,aok
yan,dsu,yvd,ucy
yao,mlz,eqd,daj
yaz,ixi,cdn,dyp
ybh,xri,wpm,msx
ybj,ikb,ioe,xqn
yby,rhj,ibi,syj
ybz,xsm,gxp,uyr
yca,oom,yhl,vhg
ycb,vbo,xyp,bkd
ycu,dyp,bgy,xsm
ycz,iii,hyg,rcr
ydb,ijd,htp,hvt
ydq,uvl,vdl,jaa
yeg,ksq,hva,rvl
yem,fnl,ien,ncd
yeu,pic,gjc,iuh
yfh,gnf,lqh,zew
yfj,imq,rps,ekx
yfl,kmt,nhy,cmm
yfw,mqd,wjg,ytu
yga,paq,ycg,xgd
ygb,rcj,uax,jga
ygg,khk,thr,ygm
ygr,gms,bnq,pmb
yhm,ajs,mtw,iyj
yhv,gle,upm,tyv
yhw,qey,wkp,cld
yis,kgo,vpo,fqh
yiv,bap,iuh,sxa
yjb,ihv,uha,osh
yjm,mtv,rhj,aoe
yjy,msa,dor,bsx
yka,mqn,ckj,wyv
ykh,oxn,yli,iyj
ykz,ysm,bol,ydx
yle,kgp,yvq,gxm
ylf,prd,vok,zhk
ymg,vfm,llz,rcr
yml,tes,ttr,zck
ymo,dwg,vlw,avc
ymt,zvk,hef,wkp
ymu,nze,qry,nhn
yne,qdb,fme,hds
ynm,tmc,dyc,arf
yok,cvz,kgd,gme
yor,ofg,qna,bcs
ypp,dcs,jsb,dsu
ypq,seu,ixk,gge
ypy,soe,ikb,xuk
yqh,ujm,kai,dso
yqo,shl,zbt,eqd
yqp,ubt,okt,lch
yqt,plo,lnq,hoo
yrf,ile,cch,uus
yri,mqh,pjp,chy
yrl,ncd,zts,uon
yrn,ruo,bjy,ulm
yrp,dso,yvs,tgr
ysp,tfh,dyc,avm
yst,twu,fev,qxu
ysw,xag,toh,udd
ytr,ppu,aeq,ryj
ytx,syj,xnk,yot
yua,bse,mqw,whr
yue,nrq,ufe,rfj
yuh,dyw,lqh,nsa
yul,zlm,vos,omc
yvt,now,oal,mif
yvu,gjg,mnj,vay
ywh,hds,dps,kxj
ywk,qjb,scq,uzi
yxb,gfs,avz,bfq
yxg,rfb,kyu,muz
yxq,led,xdt,zyz
yyp,veu,zvk,wus
yyt,mbb,byt,ixi
yyu,zdk,kca,osw
yzw,zuo,aan,ndt
zac,tpj,ref,sqy
zae,wks,pwx,nso
zbo,xxu,eru,dhn
zbx,xhz,rwt,ojs
zcn,sai,pcj,ksl
zcs,gbw,mhx,aoe
zdr,lfv,ncd,alg
zdy,cpr,cqq,gsm
zes,ybd,gfw,odp
zfa,pub,bkz,whg
zgl,gmf,rlp,upo
zgz,sdw,avg,eix
zhb,ymk,bfv,gjm
zhc,vea,skb,rzo
zho,czx,ack,pvu
zhp,apv,dlg,zkq
zhq,wev,eqv,pqd
zhr,apr,qfx,rcr
zhw,ofd,kef,qax
zig,brm,emh,hom
zix,szb,zmb,igr
zjh,igu,tgs,bfv
zjj,lqu,qfj,rzk
zjk,ygv,wlk,osw
zkg,eyo,jbc,qfx
zkr,mvv,vgw,bbz
zkw,ytm,oal,nrp
zkx,afz,ouh,okt
zlc,bbl,qln,zyp
zle,pch,bch,gab
zlg,hae,brl,uyu
zlh,dqu,pfr,ixk
zlt,vnw,vos,zuo
zlw,ufe,xyc,ftv
zmd,gmr,vuv,nsk
zmv,zvf,qfu,pqo
znf,nrg,mez,uqp
znv,pfp,jvf,wqp
znz,vlw,gms,nja
zoe,wja,zxk,wvq
zof,vmi,epw,tlz
zoi,rty,zlm,pad
zoj,jeb,gfy,zew
zoq,qjr,nvh,vrz
zox,iki,fnl,ypm
zoy,uuh,ono,qum
zpe,din,kyd,rty
zpi,pka,ijd,pad
zps,gnj,eqi,mlb
zqi,vlp,owq,gch
zqn,vsn,ozi,ifd
zqo,gxs,tqw,ixh
zrh,qkl,rhk,juy
zri,erg,otv,sxr
zrq,brv,hrp,neb
zrr,oii,eak,xlb
zsp,vql,kai,lnj
zss,irj,hpc,oiq
zsx,hit,xbh,fhu
ztl,lbd,oly,bfv
ztq,vsw,hef,dtf
ztx,ztc,lqu,aoi
ztz,zdo,zyd,bbl
zue,wmy,hjv,wcj
zus,inw,rmp,oqp
zvh,pwb,dla,zxi
zvp,itl,hvp,pjk
zvu,crw,ifg,ddu
zwe,fvt,zzi,mly
zwf,wrj,stb,ibi
zxn,aim,hzy,lnj
zxt,qde,uwg,pjg
zxz,vhv,keb,zif
zyb,rzo,pwt,lnn
zyn,egp,bcu,xnk
zzc,pjk,mai,air
zzu,fxo,vsh,mvv
zzv,goh,wgf,gkl
zzy,yqv,jra,obl
